{
  "project_info": {
    "project_number": "779533372821",
    "project_id": "archivepage-dfed8",
    "storage_bucket": "archivepage-dfed8.appspot.com"
  },
  "client": [
    {
      "client_info": {
        "mobilesdk_app_id": "1:779533372821:android:1716f92eb888f9a128ba9c",
        "android_client_info": {
          "package_name": "com.example.archivepage"
        }
      },
      "oauth_client": [],
      "api_key": [
        {
          "current_key": "AIzaSyCY8xfb7twxiPmEyuFKitja2NaogzvpOV8"
        }
      ],
      "services": {
        "appinvite_service": {
          "other_platform_oauth_client": []
        }
      }
    }
  ],
  "configuration_version": "1"
}